{
  "companies": {
    "total": 19923,
    "total_tax": 499209772374.0,
    "avg_tax": 25056957.906640567,
    "max_tax": 17946634218.0
  },
  "aop": {
    "total": 37046,
    "total_tax": 75942614373.0,
    "avg_tax": 2049954.499082222,
    "max_tax": 1320862542.0
  },
  "individuals": {
    "total": 1782896,
    "total_tax": 315103255918.0,
    "avg_tax": 176736.75633239403,
    "max_tax": 910653965.0
  }
}