{
  "companies": {
    "total": 17800,
    "total_tax": 466047631904,
    "avg_tax": 26182451.230561797,
    "max_tax": 16764766583
  },
  "aop": {
    "total": 32630,
    "total_tax": 74824991987,
    "avg_tax": 2293134.906129329,
    "max_tax": 14706760378
  },
  "individuals": {
    "total": 1087478,
    "total_tax": 264681636429,
    "avg_tax": 243390.33656680872,
    "max_tax": 716026507
  }
}