{
  "companies": {
    "total": 13413,
    "total_tax": 341171864552,
    "avg_tax": 25435910.277491987,
    "max_tax": 34823752095
  },
  "aop": {
    "total": 26043,
    "total_tax": 35166879270,
    "avg_tax": 1350339.0266098375,
    "max_tax": 578556221
  },
  "individuals": {
    "total": 493654,
    "total_tax": 114624316018,
    "avg_tax": 232195.65934439912,
    "max_tax": 485758739
  }
}