{
  "companies": {
    "total": 15021,
    "total_tax": 387609567075,
    "avg_tax": 25804511.488915518,
    "max_tax": 26078834683
  },
  "aop": {
    "total": 29299,
    "total_tax": 47876007608,
    "avg_tax": 1634049.2033175193,
    "max_tax": 676366026
  },
  "individuals": {
    "total": 691259,
    "total_tax": 202249081638,
    "avg_tax": 292580.7571952047,
    "max_tax": 30105506000
  }
}