{
  "companies": {
    "total": 16039,
    "total_tax": 430739860741,
    "avg_tax": 26855780.33175385,
    "max_tax": 16472959641
  },
  "aop": {
    "total": 30745,
    "total_tax": 53454665784,
    "avg_tax": 1738645.821564482,
    "max_tax": 618173541
  },
  "individuals": {
    "total": 803356,
    "total_tax": 212831910277,
    "avg_tax": 264928.5127353253,
    "max_tax": 2830640001
  }
}