{
  "companies": {
    "total": 19923,
    "total_tax": 499209772374,
    "avg_tax": 25056957.906640567,
    "max_tax": 17946634218
  },
  "aop": {
    "total": 37046,
    "total_tax": 75942614373,
    "avg_tax": 2049954.499082222,
    "max_tax": 1320862542
  },
  "individuals": {
    "total": 1785042,
    "total_tax": 318875110559,
    "avg_tax": 178637.3152895002,
    "max_tax": 910653965
  }
}