{
  "companies": {
    "total": 13056,
    "total_tax": 315023102930,
    "avg_tax": 24128607.7611826,
    "max_tax": 36963745646
  },
  "aop": {
    "total": 24686,
    "total_tax": 28758163181,
    "avg_tax": 1164958.4048043424,
    "max_tax": 496882503
  },
  "individuals": {
    "total": 422712,
    "total_tax": 89417064073,
    "avg_tax": 211531.88003416036,
    "max_tax": 749008253
  }
}