{
  "companies": {
    "total": 56969,
    "total_tax": 575152386747.0,
    "avg_tax": 10095883.493601784,
    "max_tax": 17946634218.0
  },
  "individuals": {
    "total": 1782896,
    "total_tax": 315103255918.0,
    "avg_tax": 176736.75633239403,
    "max_tax": 910653965.0
  }
}